category,company.name,heat.rate,main.mmbtu,net.mwh,plant.id,plant.name,year
C,ACE Cogeneration Co ,12.4130820875427,8205370,661026,C0001 ,ACE Cogeneration (ACE is Argus Cogen Expansion - Retired),2001
C,Air Products and Chemicals Inc ,6.24330271399675,2811790,450369,C0021 ,Stockton CoGen (Retired 3/31/2012 - Repowered E0002),2001
C,DTE Stockton LLC ,10.2234938242499,2558460,250253,C0004 ,Port of Stockton District Energy Facility - Retired Jan 2011,2001
C,GWF Power Systems LP ,10.6507635553025,1758260,165083,C0008 ,East Third Street Power Plant - Retired April 2012,2001
C,GWF Power Systems LP ,11.5140447048242,1894590,164546,C0009 ,Loveridge Road Power Plant - Retired April 2012,2001
C,GWF Power Systems LP ,11.6632765433698,1800460,154370,C0012 ,Nichols Road Power Plant - Retired April 2012,2001
C,GWF Power Systems LP ,11.799655371906,1896830,160753,C0010 ,Wilbur East Power Plant - Retired April 2012,2001
C,GWF Power Systems LP ,11.2297458533479,1816490,161757,C0011 ,Wilbur West Power Plant - Retired April 2012,2001
C,Hanford LP ,12.856735274096,2568570,199784,C0007 ,Hanford - Retired October 2011,2001
C,Jackson Valley Energy Part LP ,0,0,0.119999997317791,C0005 ,Buena Vista Biomass Power (Jackson Valley) Retired Dec 2012,2001
C,Karnavati Holdings Inc ,41.4464376688157,15190870,366518.109985352,C0017 ,Argus Cogen Plant,2001
C,Los Angeles Department of Water & Power (LADWP) ,9.51600466242267,127358400,13383600,C0023 ,Intermountain Power Project (UT),2001
C,Mt Poso Cogeneration Co ,9.01230800007181,3513980,389909,C0016 ,Mt. Poso Cogeneration - Retired November 2011,2001
C,Rio Bravo ,6.23325199865103,1571060,252045,C0018 ,Rio Bravo Jasmin,2001
C,Rio Bravo ,5.97431679981772,1678090,280884,C0022 ,Rio Bravo Poso,2001
C,Southern California Edison (SCE) ,9.99515269025691,103100000,10315000,C0024 ,Mohave Generating Station (Nevada) - Retired December 2005,2001
C,Tesoro Refining & Marketing Company LLC ,14.6413862425391,3291940,224838,C0002 ,Los Angeles Refinery - Calciner,2001
C,TXI Riverside Cement ,6.41737175684536,1027710,160145,C0019 ,TXI Riverside Cement Power House (Shutdown March 2008),2001
E,Big Valley Power LLC ,24.1862068965517,701400,29000,E0003 ,Big Valley Power LLC_(Retired June 30  2010),2001
E,Bio Energy Partners/WM Renewable Energy ,19.6655750026844,732582,37252,E0106 ,Altamont Gas Recovery,2001
E,Blue Lake Power LLC ,,0,0,E0097 ,Blue Lake,2001
E,Burney Forest Power ,17.8020463464773,3048280,171232,E0005 ,Burney Forest Products,2001
E,Burney Mountain Power ,20.4001166627171,1119130,54859,E0006 ,Burney Mountain Power,2001
E,Chateau Energy Inc ,,0,0,E0042 ,Mesquite Lake Resource Recovery Project - Retired Dec 2008,2001
E,City of Oxnard Wastewater Division ,8.14168086314594,57350,7044,E0211 ,Oxnard Wastewater Treatment Plant,2001
E,City of San Diego ,49.1836889665123,647700,13169,E0171 ,Gas Utilization Facility (Pt. Loma Sewage TP),2001
E,City of Sunnyvale Water Pollution Control Plant ,15.418713051387,135623,8796,E0181 ,Sunnyvale Water Pollution Control Plant,2001
E,Collins Pine Co ,63.2234909188034,1893670,29952,E0026 ,Collins Pine Co Project,2001
E,County of Riverside Waste Management Department ,13.4658853076601,32170,2389,E0210 ,RCWMD Badlands Power Plant,2001
E,County of Sacramento Waste Management ,13.4084028776978,931884,69500,E0203 ,Kiefer Landfill Gas-to-Energy Facility,2001
E,County Sanitation Districts of Los Angeles County ,16.6184502244092,1229300,73972,E0113 ,Commerce Refuse To Energy,2001
E,County Sanitation Districts of Los Angeles County ,10.0151709589523,569713,56885,E0130 ,Palos Verdes Gas to Energy Facility - Retired Oct 2011,2001
E,County Sanitation Districts of Los Angeles County ,11.704381894125,4744102,405327,E0127 ,Puente Hills Energy Recovery,2001
E,County Sanitation Districts of Los Angeles County ,0,0,68529,E0129 ,Spadra Landfill Gas to Energy,2001
E,County Sanitation Districts of Los Angeles County ,13.8735179879019,1089418,78525,E0212 ,Total Energy Facilities,2001
E,Covanta Delano/Mendota ,16.2588447904358,4678320,287740,E0029 ,Covanta Delano  Inc,2001
E,Covanta Delano/Mendota ,16.5458108770211,2769140,167362,E0052 ,Covanta Mendota LP,2001
E,Covanta Energy Inc ,18.3952971539178,2565960,139490,E0150 ,Stanislaus Resource Recovery Facility,2001
E,Desert View Power (formerly Colmac Energy Inc) ,12.5121500207829,4695910,375308,E0027 ,Desert View Power (Mecca Plant),2001
E,Diamond Walnut Growers Inc ,35.2609570943254,840727,23843,E0032 ,Diamond Walnut - Retired December 2005,2001
E,Dole Packaged Frozen Foods ,,3854,0,E0043 ,J R Wood Incorporated - Retired December 2004,2001
E,DTE Energy Services ,16.3601817596912,2441070,149208,E0105 ,Woodland Biomass Power Ltd,2001
E,East Bay Municipal Utility District (EBMUD) ,,0,0,E0036 ,EBMUD Wastewater Treatment Plant Power Generation Station,2001
E,Eel River Power LLC ,19.2001929012346,3483683,181440,E0063 ,Scotia,2001
E,Encina Wastewater Authority ,17.0959492635025,83565,4888,E0251 ,Encina Water Pollution Control,2001
E,Evergreen Pulp Incorporated ,0,0,126095,E0048 ,Samoa Pulp Mill (Closed) - Retired December 2008,2001
E,Fortistar Methane Group ,14.2996997641004,133359,9326,E0118 ,American Canyon Power Plant (Retired 2013),2001
E,Fortistar Methane Group ,15.3904781724751,961397,62467,E0117 ,Coyote Canyon,2001
E,Fortistar Methane Group ,14.3522847522848,149192,10395,E0120 ,Guadalupe Power Plant (Retired 2013),2001
E,Fortistar Methane Group ,13.6506188038619,210670,15433,E0123 ,Marsh Road Power Plant (Retired 2013),2001
E,Fortistar Methane Group ,12.2289455140591,537988,43993,E0168 ,MM Lopez Energy LLC,2001
E,Fortistar Methane Group ,15.0366800048502,496030,32988,E0194 ,MM Prima Deshecha Energy LLC,2001
E,Fortistar Methane Group ,12.8398468444679,583494,45444,E0054 ,MM San Diego LLC - Miramar Landfill,2001
E,Fortistar Methane Group ,11.6069791057636,377192,32497,E0202 ,MM San Diego LLC - North City,2001
E,Fortistar Methane Group ,12.3468208092486,262728,21279,E0095 ,MM Tajiguas Energy LLC,2001
E,Fortistar Methane Group ,12.1698882039494,116478,9571,E0101 ,MM Tulare Energy LLC,2001
E,Fortistar Methane Group ,17.139202459936,1237399,72197,E0152 ,MM West Covina LLC,2001
E,Fortistar Methane Group ,19.6691800188501,208690,10610,E0154 ,MM Yolo Power LLC Facility,2001
E,Fortistar Methane Group ,16.4161965293151,229876,14003,E0179 ,Newby Island I,2001
E,Fortistar Methane Group ,14.3000424688562,202031,14128,E0122 ,Newby Island II (Retired 2010),2001
E,Gas Recovery Systems Inc ,18.371383975026,176549,9610,E0075 ,San Marcos,2001
E,Gas Recovery Systems Inc ,19.9371160504859,178497,8953,E0094 ,Sycamore Landfill San Diego,2001
E,Georgia Pacific Corp ,35.1897629780428,1210000,34385,E0039 ,Fort Bragg Western Wood Products - Retired December 2001,2001
E,HL Power Co ,14.511643653423,1800300,124059,E0041 ,HL Power Company (Honey Lake),2001
E,IHI Power Services Corp ,21.2640012710374,1873720,88117,E0100 ,Pacific Ultrapower Chinese,2001
E,Los Angeles Department of Water & Power (LADWP) ,,0,0,E0153 ,Bradley Landfill,2001
E,Madera Power LLC ,,0,0,E0050 ,Madera Power (offline 3/28/2012 - repowered 2013),2001
E,Marubeni Sustainable Energy Inc ,18.5727992728068,2206690,118813,E0037 ,DG Fairhaven Power Plant,2001
E,Modesto Energy LP ,,0,0,E0134 ,Modesto Energy - Retired Dec 2002,2001
E,Monterey Regional Waste Mgmt Dist ,13.8360039081583,283223,20470,E0135 ,Marina Landfill Gas (Monterey Regional Waste Management Dst),2001
E,MRWPCA ,13,84669,6513,E0055 ,Monterey Regional Water Pollution Control Cogen,2001
E,Mt Lassen Power ,20.149732856449,912662,45294,E0056 ,Mount  Lassen Power (Retired 2011),2001
E,NEO Corporation ,29.7564432989691,46182,1552,E0139 ,Corona Landfill - Retired Dec 2004,2001
E,Orange County Sanitation District ,10.2569000870348,695305,67789,E0025 ,Plant No 2,2001
E,Otay Landfill Gas LLC ,12.2376190124732,331615,27098,E0061 ,Otay 1 & 2 Power Station,2001
E,Pacific Oroville Power Inc ,22.191286977285,2843880,128153,E0064 ,Pacific Oroville Power Inc,2001
E,Pacific Recovery Corp ,12.5864601415409,377040,29956,E0125 ,Oxnard - Closed December 2009,2001
E,Pacific Recovery Corp ,14.0617418861327,128679,9151,E0144 ,Salinas - Closed August 2009,2001
E,Pacific Recovery Corp ,12.0339888322408,99136,8238,E0141 ,Santa Clara - Retired Dec 2005,2001
E,Ridgewood Power Management LLC ,12.439128577531,465920,37456,E0109 ,Brea Power Partners LP,2001
E,Rio Bravo ,20.7882702932427,2445740,117650,E0098 ,Rio Bravo Fresno,2001
E,Rio Bravo ,17.5851184565187,2479150,140980,E0099 ,Rio Bravo Rocklin,2001
E,SCS Energy ,13.5427639640319,718403,53047,E0142 ,Penrose Landfill - Retired December 2005,2001
E,SERRF Joint Powers Authority ,18.3675734011027,4220850,229799,E0112 ,Southeast Resource Recovery,2001
E,Sierra Pacific Industries Inc ,35.9998957899125,1381820,38384,E0174 ,SPI - Anderson,2001
E,Sierra Pacific Industries Inc ,22.865417577871,2708020,118433,E0078 ,SPI - Burney,2001
E,Sierra Pacific Industries Inc ,34.0934124502558,1919050,56288,E0004 ,SPI - Lincoln,2001
E,Sierra Pacific Industries Inc ,18.3766660192199,1986830,108117,E0084 ,SPI - Loyalton - Shut Down 08/20/2010,2001
E,Sierra Pacific Industries Inc ,20.1459700909095,4226000,209769,E0081 ,SPI - Quincy,2001
E,Sierra Pacific Industries Inc ,29.8511889671957,1177510,39446,E0038 ,SPI - Sonora - Restarted 1/1/2012 (Shut Down 9/28/2009),2001
E,Sierra Pacific Industries Inc ,22.370794840509,2053460,91792,E0082 ,SPI - Susanville - Shut Down 2004,2001
E,Simpson Paper Co ,,0,0,E0088 ,Humboldt Pulp Mill - Retired Dec 2003,2001
E,Soledad Energy LLC ,,0,0,E0089 ,Soledad Energy - Retired Jan 2006,2001
E,Sonoma County Department of Transportation and Public Works ,13.3170171339564,320607.1875,24075,E0195 ,Central LF (Sonoma) Phase I,2001
E,Sonoma County Department of Transportation and Public Works ,13.3379685890834,323779.1875,24275,E0196 ,Central LF (Sonoma) Phase II,2001
E,South Orange County Wastewater Authority ,8.32610581092801,48000,5765,E0155 ,Aliso Water Management Agency,2001
E,Thermal Energy Dev Partner LP ,17.8751622055557,2438190,136401,E0096 ,Tracy Biomass Plant,2001
E,Toyon Landfill Gas Conversion LLC ,13.2116384307566,353266,26739,E0143 ,Toyon Landfill Gas Conversion LLC,2001
E,Wadham Energy LP ,14.4441245360247,1856200,128509,E0102 ,Wadham,2001
E,West Contra Costa Energy Recovery Inc ,12.1834341504829,229609,18846,E0137 ,Nove Power Plant,2001
E,Wheelabrator Hudson Energy Co Inc ,23.3274485250344,1136350,48713,E0165 ,Wheelabrator Hudson Energy - Retired 2003 and 2014,2001
E,Wheelabrator Martell Inc ,12.7188652777056,979200,76988,E0051 ,Wheelabrator Martell Inc - Retired December 2003,2001
E,Wheelabrator Technologies Inc ,19.6936051503404,6720620,341259,E0086 ,Wheelabrator Shasta,2001
E,WPI Packaging & Maintenance Co ,20.1380892782645,96542,4794,E0146 ,Byxbee Park Sanitary Landill - Retired December 2004,2001
G,Aera Energy LLC ,18.8822180248246,1119640,59296,G0802 ,AERA San Ardo Cogen Facility,2001
G,Aera Energy LLC ,5.61452084025676,320999,57173,G0557 ,Coalinga Cogeneration Facility,2001
G,Aera Energy LLC ,15.8854075850044,291529,18352,G0599 ,Lost Hills Cogeneration Plant,2001
G,Aera Energy LLC ,12.2675287356322,512292,41760,G0031 ,Oxford Cogeneration Facility (Shutdown 12/2006),2001
G,Aera Energy LLC ,9.67192115014725,4450196,460115,G0516 ,South Belridge Cogen Facility,2001
G,Aera Energy LLC ,11.6504282059838,314247,26973,G0556 ,Weir Cogeneration Plant (shutdown) - Retired December 2006,2001
G,AES Alamitos LLC ,10.0002150135639,85810385,8580854,G0011 ,Alamitos,2001
G,AES Huntington Beach LLC ,11.3293225154284,14934143,1318185,G0274 ,Huntington Beach (AES),2001
G,AES Redondo Beach LLC ,9.88387214177002,60941030,6165704,G0490 ,Redondo Beach LLC_(AES),2001
G,Air Products and Chemicals Inc ,0,0,188848,G0078 ,Wilmington,2001
G,Algonquin Power Systems ,10.6168529243821,1301520,122590,G0536 ,Algonquin Power Sanger LLC,2001
G,AltaGas Pomona Energy Inc ,9.89373127578995,2275390,229983,G0562 ,AltaGas Pomona Energy Inc (San Gabriel Cogeneration),2001
G,AltaGas San Joaquin Energy Inc ,10.2951964395335,268334,26064,G0832 ,Hanford Energy Park Peaker,2001
G,Applied Energy LLC ,10.7812879511634,3329100,308785,G0626 ,Naval Station Energy Facility,2001
G,Applied Energy LLC ,10.5785083152597,2570440,242987,G0399 ,North Island Energy Facility,2001
G,Applied Energy LLC ,10.6976511681674,1712020,160037,G0386 ,NTC MCRD Energy Facility,2001
G,B Braun Medical Inc ,15.6481798265358,521413,33321,G9100 ,B Braun Medical Inc,2001
G,Badger Creek Limited ,9.17019709699643,2316080,252566,G0040 ,Badger Creek Cogen,2001
G,Bear Mountain Limited ,10.0452236832951,2598840,258714,G0428 ,Bear Mountain Cogen,2001
G,Biola University ,11.0258449304175,72098,6539,G0054 ,Biola University,2001
G,Black Hills Energy Capital ,16.9467806074964,600882,35457,G0415 ,Black Hills Ontario Facility -Retired February 2009,2001
G,Blue Heron Paper Co of California ,,0,0,G0565 ,Blue Heron Paper - Retired 2006,2001
G,Burbank Water and Power ,13.6597585971305,59980,4391,G0329 ,Magnolia,2001
G,Burbank Water and Power ,13.9397496389766,1805100,129493,G0410 ,Olive,2001
G,C&H Sugar Company ,0,0,47508,G0509 ,C&H Sugar Plant,2001
G,Cabrillo Power I LLC (NRG West Coast Inc) ,10.9731764636488,42415431,3865374,G0196 ,Encina,2001
G,Cabrillo Power II LLC (NRG West Coast Inc) ,0,0,10077,G0175 ,Division - Retired Dec 2003,2001
G,Cabrillo Power II LLC (NRG West Coast Inc) ,7.2867628011398,84388,11581,G0189 ,El Cajon,2001
G,Cabrillo Power II LLC (NRG West Coast Inc) ,5.21715255311809,559597,107261,G0289 ,Kearny,2001
G,Cabrillo Power II LLC (NRG West Coast Inc) ,6.32988875154512,128022,20225,G0389 ,Naval Station - Retired December 2003,2001
G,Cabrillo Power II LLC (NRG West Coast Inc) ,16.7634548611111,193115,11520,G0385 ,Naval Training Center - Retired December 2003,2001
G,Cabrillo Power II LLC (NRG West Coast Inc) ,3.26135401974612,92492,28360,G0398 ,North Island - Retired December 2003,2001
G,Cabrillo Power II LLC (NRG West Coast Inc) ,7.77853391034323,235464,30271,G0360 ,San Diego Combustion Turbines - Miramar 1A 1B,2001
G,California Power Holdings LLC ,9.64566184563394,622232,64509,G0896 ,Chowchilla II Peaker,2001
G,California Power Holdings LLC ,10.03486684708,255859,25497,G0897 ,Red Bluff,2001
G,California Resources Corporation ,11.507569379956,3977810,345669,G0775 ,Elk Hills CoGeneration,2001
G,Calpine Corporation - West Region ,6.96308410156515,7685330,1103725,G0780 ,Los Medanos Energy Center LLC,2001
G,Calpine Corporation - West Region ,6.98188190515556,11350990,1625778,G0779 ,Sutter Energy Center - Calpine Construction Finance Co,2001
G,Calpine Gilroy Cogen LP ,8.6779402834529,8431400,971590,G0229 ,Calpine Gilroy Cogen  L.P.,2001
G,Calpine King City Cogeneration LLC ,8.31986276704798,7231450,869179,G0019 ,Calpine King City Cogeneration  LLC,2001
G,Calpine Monterey Cogeneration Inc ,8.5648836934703,1813400,211725,G0661 ,Watsonville - (Non-Operational May 2011),2001
G,Cardinal Cogen ,11.757414266003,4209460,358026,G0080 ,Cardinal Cogen - Retired 3/31/2015,2001
G,Central Valley Financing ,9.21325146705392,5424440,588765,G0085 ,Sacramento Carson - Carson Ice CG,2001
G,Cenveo Corporation ,10.8368563960718,427048,39407,G0028 ,Cenveo Anderson Lithograph (Shutdown May 2009),2001
G,Chalk Cliff Ltd ,9.23745816894133,2467750,267146,G0429 ,Chalk Cliff Cogen,2001
G,Chevron Business and Real Estate Services ,11.691581920904,206941,17700,G0101 ,Chevron Concord Cogeneration (Retired 7/27/2010),2001
G,Chevron North America Exploration and Production ,14.5701202060675,738166,50663,G0595 ,A Fee Cogeneration Plant - Indefinite Shutdown,2001
G,Chevron North America Exploration and Production ,14.9456903961866,382520,25594,G0596 ,B Fee Cogeneration Plant - Indefinite Shutdown,2001
G,Chevron North America Exploration and Production ,15.3933928709503,796331,51732,G0597 ,C Fee Cogeneration Plant - Indefinite Shutdown,2001
G,Chevron North America Exploration and Production ,13.308045803827,1943161,146014,G0100 ,Coalinga Cogeneration Plants,2001
G,Chevron North America Exploration and Production ,13.3609313237957,2619611,196065,G0102 ,Cymric Cogeneration Plants,2001
G,Chevron North America Exploration and Production ,10.1029548136908,3834920,379584,G0103 ,Kern River Eastridge Cogeneration Plant,2001
G,Chevron North America Exploration and Production ,15.3947939589425,1021383,66346,G0600 ,McKittrick Cogeneration Plant,2001
G,Chevron North America Exploration and Production ,14.6996308759654,991593,67457,G0601 ,North Midway Cogeneration Plant,2001
G,Chevron North America Exploration and Production ,11.0161678414031,2202165,199903,G0558 ,Southeast Kern River Cogen,2001
G,Chevron North America Exploration and Production ,13.2498405918849,1309124,98803,G0107 ,Taft 26C Cogeneration Plant,2001
G,Chevron Products Co - NorCal ,10.7934397933412,11055688,1024297,G0104 ,Chevron Richmond Refinery Cogeneration,2001
G,Chevron Products Co - SoCal ,11.0461138960593,10030490,908056,G0105 ,Chevron El Segundo Refinery Cogeneration,2001
G,City of Anaheim ,9.17782296068028,866671,94431,G0026 ,Anaheim CT,2001
G,City of Glendale ,7.83083964396162,3160151,403552,G0236 ,Grayson,2001
G,City of Palm Springs ,12.4320270016876,132600,10666,G0119 ,Municipal Cogeneration Plant (Palm Springs),2001
G,City of Pasadena ,12.9496701573096,2526390,195093,G0061 ,Broadway,2001
G,City of Pasadena ,15.1646937725167,58930,3886,G0231 ,Glenarm,2001
G,City of Redding Electric Utility ,14.8042200574933,2544046,171846,G0487 ,Redding Power,2001
G,City of Roseville ,,0,0,G0382 ,Roseville,2001
G,City of San Jose ,1.28900523560209,12310,9550,G0121 ,San Jose Convention Center (Closed 2001),2001
G,City of Vernon ,11.9473684210526,13166,1102,G0652 ,Vernon (includes H. Gonzales),2001
G,Clean Energy Systems Inc ,9.75233979324654,2152790,220746,G0006 ,CES Placerita Inc.  (CESP) - Retired December 2010,2001
G,Coalinga Cogeneration Company ,13.1503347901046,3935790,299292,G0131 ,Coalinga Cogeneration,2001
G,Colton Power LP ,14.6194452728899,49019,3353,G0842 ,Century (Alliance),2001
G,Colton Power LP ,14.9083405734144,68638,4604,G0821 ,Drews - Agua Mansa (Alliance Colton),2001
G,ConocoPhillips ,12.1058508206836,4846420,400337,G0759 ,ConocoPhillips Los Angeles Refinery Wilmington Plant,2001
G,ConocoPhillips Company San Francisco Refinery ,14.5382584381969,5599890,385183,G0632 ,ConocoPhillips Company  San Francisco Refinery,2001
G,ConocoPhillips Company San Francisco Refinery ,4.27736591582025,570622,133405,G0630 ,Phillips66 - Carbon Plant,2001
G,Corn Products International Inc ,15.3119612511288,373030,24362,G0751 ,Ingredion Stockton Plant,2001
G,Corona Energy Partners Ltd ,9.78080094772147,2542930,259992,G0149 ,Corona Cogen,2001
G,County of Los Angeles ,8.69978031634446,1980070,227600,G0157 ,Pitchess Cogeneration Station,2001
G,CP Kelco US Inc ,12.3294505168311,2575240,208869,G0290 ,CP Kelco - San Diego Plant,2001
G,Crockett Cogeneration LP ,8.97645506024609,12649800,1409220,G0161 ,Crockett Cogeneration Project,2001
G,Dos Cuadras Offshore Resources LLC ,15.1064156485747,226279,14979,G0643 ,Rincon Facility,2001
G,Double C Ltd ,10.1877041834109,2819060,276712,G0176 ,Double C,2001
G,Dow Chemical Company ,13.87997414409,6119750,440905,G0177 ,Pittsburg (Closed April 1  2010),2001
G,Duke Energy Moss Landing & Oakland LLC ,9.28749089918966,78451900,8447050,G0372 ,Moss Landing Power Plant,2001
G,Duke Energy Oakland LLC ,13.1341562633959,1501326,114307,G0406 ,Oakland Power Plant,2001
G,Eco Services Operations LLC ,9.39586252369571,114000,12133,G0494 ,Rhodia - Martinez,2001
G,Eco Services Operations LLC ,,0,0,G0495 ,Rhodia Dominguez Plant,2001
G,EF Oxnard Inc ,9.22013427900755,1461170,158476,G0180 ,EF Oxnard  Inc.,2001
G,El Segundo Power LLC ,9.8822919051098,28838860,2918236,G0194 ,El Segundo Power Station (for Unit 3 and 4),2001
G,Energy Operations Group ,10.8692177766477,2393880,220244,G0366 ,Lake Shore Mojave  LLC (Retired 8/2013),2001
G,Energy Operations Group LLC ,8.94111697390386,1997830,223443,G0084 ,Carson Cogeneration Co,2001
G,Escondido Energy Center LLC ,9.27148386127081,1233710,133065,G0686 ,Yuba City Cogeneration Partners LP,2001
G,ExxonMobil Oil Corporation ,9.33698189450558,2379950,254895,G0363 ,ExxonMobil Torrance Refinery,2001
G,ExxonMobil Production Company ,11.4818199369329,4460400,388475,G0202 ,ExxonMobil Las Flores Canyon,2001
G,Foster Wheeler Martinez Inc / Martinez Cogen Limited Partnership ,7.93023746595785,6313040,796072,G0613 ,Martinez Cogen Limited,2001
G,Fresno Cogeneration Partners ,5.18228642132614,7204,1390.11999999732,G0384 ,Fresno Cogeneration Partners  LP,2001
G,Frito-Lay Inc ,17.6693398948935,581657,32919,G0216 ,Frito-Lay (Kern Plant),2001
G,Gaylord Container Corp ,17.5697517217781,5237420,298093,G0224 ,Gaylord Container Corp Antioch - Retired November 2002,2001
G,General Mills Operations Inc ,18.28,457000,25000,G0225 ,General Mills Operations Inc Lodi Plant,2001
G,Goal Line LP ,8.64178656093564,2905360,336199,G0233 ,Goal Line LP,2001
G,Graphic Packaging International Inc ,11.8875492620625,2542830,213907,G0144 ,Altivity Packaging - Santa Clara,2001
G,Greenleaf Plants 1&2 ,7.19942576863261,2828460,392873,G0238 ,Greenleaf 1  Inc.,2001
G,Greenleaf Plants 1&2 ,8.72132229088882,2987550,342557,G0239 ,Greenleaf 2  Inc.,2001
G,Harbor Cogeneration Co ,12.7241285845937,704166,55341,G0246 ,Harbor Cogeneration Co,2001
G,Hershey Chocolate & Confectionary Corp ,10.6767810026385,24279,2274,G0254 ,Hershey Chocolate Confectionery Oakdale Plant -Shutdown 2006,2001
G,High Sierra Ltd ,9.87451751781473,2660590,269440,G0258 ,High Sierra,2001
G,Imperial Irrigation District ,59.4,891,15,G0059 ,Brawley (Retired 12/31/2009),2001
G,Imperial Irrigation District ,5.9742819843342,45763,7660,G0130 ,Coachella,2001
G,Imperial Irrigation District ,11.2948902748146,5516447,488402,G0190 ,El Centro Generating Station,2001
G,Imperial Irrigation District ,11.5157330735509,118209,10265,G0504 ,Rockwood,2001
G,International Power Technology Inc ,15.7068158571739,506749,32263,G0515 ,SRI International Cogen Project,2001
G,Jefferson Smurfit Container Corp ,12.0311843616098,1718390,142828,G0145 ,Smurfit Stone Container Corporation - Retired August 2002,2001
G,JR Simplot Company ,9.41210762331839,146923,15610,G0128 ,Lathrop Plant,2001
G,Kern Front Ltd ,10.1822435433083,2755030,270572,G0292 ,Kern Front,2001
G,Kern River Cogeneration Co ,12.4067244654685,29251570,2357719,G0293 ,Kern River Cogeneration Co,2001
G,KES Kingsburg LP ,10.1007506698224,1293088,128019,G0286 ,Kingsburg Cogeneration,2001
G,Kirkwood Meadows  ,20.9451428571429,128289,6125,G0801 ,Kirkwood Meadows PUD,2001
G,LA County ISD (Civic Center) ,12.2564574646667,1810720,147736,G0758 ,Civic Center Cogen,2001
G,LA County ISD (Health Services) ,17.7028530959126,349950,19768,G0899 ,Olive View Medical Center,2001
G,LAX Airport ,14.7009271041629,808698,55010,G0803 ,Central Utility Plant (LAX),2001
G,Linn Operating Company (Berry Petroleum LLC) ,13.646166346787,974077,71381,G0368 ,Berry Cogen Midway-Sunset 18MW,2001
G,Linn Operating Company (Berry Petroleum LLC) ,12.7878624964422,2426190,189726,G0638 ,Berry Cogen Midway-Sunset 38MW,2001
G,Linn Operating Company (Berry Petroleum LLC) ,11.0519705597695,2455140,222145,G0032 ,Berry Placerita Cogen,2001
G,Linn Western Processing ,15.6454362444854,365274,23347,G0804 ,Linn Western Processing Generating Facility (Blacksand),2001
G,Live Oak Limited ,9.15223411421301,2445660,267220,G0315 ,Live Oak Cogen,2001
G,Long Beach Generation LLC ,10.8924028037571,8664950,795504,G0319 ,Long Beach Generation LLC,2001
G,Los Angeles Department of Water & Power (LADWP) ,8.95512270609409,5323910,594510,G0245 ,Harbor,2001
G,Los Angeles Department of Water & Power (LADWP) ,10.282663449212,34089600,3315250,G0249 ,Haynes Generating Station,2001
G,Los Angeles Department of Water & Power (LADWP) ,9.71603225029532,16943400,1743860,G0549 ,Scattergood,2001
G,Los Angeles Department of Water & Power (LADWP) ,12.738579679706,1940850,152360,G0648 ,Valley Generating Station,2001
G,LSP Morro Bay LLC ,10.0843339892509,41618480,4127043,G0371 ,Morro Bay Power Plant (Retired Feb 05 2014),2001
G,McKittrick Ltd ,9.08813895569146,2547060,280262,G0339 ,McKittrick Cogen,2001
G,Mid-Set Cogeneration Co ,13.3042362606175,3961190,297739,G0355 ,Mid-Set Cogeneration,2001
G,Midway Sunset Cogeneration Co ,11.9254089310237,22335480,1872932,G0358 ,Midway-Sunset Cogeneration,2001
G,Modesto Irrigation District ,10.0488496564946,251583,25036,G0336 ,McClure,2001
G,Modesto Irrigation District ,8.44044202892593,2053070,243242,G0679 ,Woodland Generation Station,2001
G,Navy Public Works ,,0,0,G0388 ,Naval Hospital Medical Center,2001
G,New-Indy Ontario LLC ,,0,0,G0280 ,Ontario Linerboard Mill,2001
G,New-Indy Oxnard LLLC ,11.1793011469725,2095560,187450,G0677 ,New-Indy Containerboard Ontario (formerly Oxnard Paper Mill),2001
G,Newark Pacific Paperboard Corp (NP Cogen Inc) ,,0,0,G0203 ,NP Cogen Inc - Retired December 2001,2001
G,Northern California Power Agency ,14.9844063792085,126843,8465,G0379 ,Alameda,2001
G,Northern California Power Agency ,14.9837067209776,73570,4910,G0380 ,Lodi,2001
G,Northern California Power Agency ,8.99913238746555,352658,39188,G0381 ,Lodi CC (NCPA STIG),2001
G,NRG California South ,9.88172725113568,32868700,3326210,G0147 ,Contra Costa Power Plant - Retired May 2013,2001
G,NRG California South ,9.84648129831837,30074610,3054351,G0767 ,Coolwater Generating Station,2001
G,NRG California South ,14.0284859232986,126565,9022,G0195 ,Ellwood Generating Station,2001
G,NRG California South ,10.032776621184,20751133,2068334,G0330 ,Mandalay Generating Station,2001
G,NRG California South ,9.7631986737661,58657200,6007990,G0421 ,Ormond Beach Generating Station,2001
G,NRG California South ,10.7358605653178,12408615,1155810,G0462 ,Potrero Generating Station - Retired 2/28/2011,2001
G,NRG Delta LLC ,10.3692904596535,106336690,10254963,G0450 ,Pittsburg Generating Station,2001
G,NRG Marsh Landing LLC ,10.9483254608449,21674170,1979679,G0201 ,Etiwanda Generating Station,2001
G,NRG Solar Community 1 LLC ,12.8910662824207,22366,1735,G0527 ,NRG Energy Inc,2001
G,Oildale Energy LLC ,10.8429632271313,1885060,173851,G0409 ,Oildale,2001
G,OLS Energy - Agnews Inc ,8.69024191555381,1898870,218506,G0221 ,OLS Energy - Agnews Inc.,2001
G,OLS Energy Chino ,7.29690279000413,1624670,222652,G0404 ,OLS Energy Chino,2001
G,Orange County Sanitation District ,7.43624124192884,270642,36395,G0483 ,Plant No 1,2001
G,Oroville Cogeneration LP ,14.3898678414097,182924,12712,G0424 ,Oroville Cogeneration LP,2001
G,Pacific Gas & Electric (PG&E) ,8.85754550409043,5964680,673401,G0268 ,Humboldt Bay,2001
G,Pacific Gas & Electric (PG&E) ,11.5530703850952,4954592,428855,G0272 ,Hunters Point (Closed May 2006),2001
G,Pacific Gas & Electric (PG&E) ,14.1476804123711,274465,19400,G0898 ,San Jose FMC,2001
G,Palomar Memorial Hospital ,,0,0,G0434 ,Palomar Medical Center,2001
G,Paper-Pak Industries ,9.88036363636364,54342,5500,G0437 ,Paper-Pak Industries (Shutdown Dec 2008),2001
G,PE-Berkeley Inc c/o Olympus Power LLC ,11.5417906280389,2397530,207726,G0405 ,PE Berkeley Inc,2001
G,Plains Exploraton and Production Co ,32.2209399400874,656115,20363,G0627 ,Dome Lease Project,2001
G,Plains Exploraton and Production Co ,13.4239288354192,526661,39233,G0644 ,Welport Lease Project,2001
G,Point Arguello Pipeline Co ,18.8031536350528,404249,21499,G0453 ,Point Arguello Pipeline Co.(Gaviota),2001
G,Praxair Inc ,,0,0,G0765 ,Linde Wilmington,2001
G,Procter & Gamble Paper Products Company ,9.8294946247972,5186120,527608,G0468 ,The Procter & Gamble Paper Products Co.,2001
G,Qualcomm Inc ,12.6965639390719,179212,14115,G0475 ,Qualcomm Building P Central Plant,2001
G,Richard J Donovan Correctional Facility ,10.952380952381,230000,21000,G0477 ,Richard J Donovan Correctional Facility - Retired Dec 2007,2001
G,Ridgewood Power Management LLC ,14.1852508178844,208126,14672,G0184 ,Byron Power Partners LP - Retired December 2010,2001
G,Ridgewood Power Management LLC ,14.2860203535083,320064,22404,G0283 ,JRW Associates LP,2001
G,Ridgewood Power Management LLC ,13.081097065129,176948,13527,G0589 ,Sunnyside Cogeneration Partners LP (Retired December 2008),2001
G,Rio Tinto Minerals ,13.3380351730976,4264610,319733,G0625 ,U S Borax Inc,2001
G,Ripon Cogeneration LLC ,9.8758086122575,3103700,314273,G0564 ,Ripon Cogeneration Facility,2001
G,Riverside Canal Power Co Inc ,,0,0,G0259 ,Riverside Canal Power (Retired 12/31/2004),2001
G,Sacramento Municipal Utility District (SMUD) ,13.0345746368077,1027320,78815,G0335 ,McClellan,2001
G,Sacramento Municipal Utility District (SMUD) ,8.79070564045893,10214000,1161909,G0076 ,Sacramento Campbell Soup SPA,2001
G,Sacramento Municipal Utility District (SMUD) ,8.59478403205558,8674260,1009247,G0467 ,Sacramento SCA,2001
G,Saint Agnes Medical Center ,,0,0,G0518 ,Saint Agnes Medical Center,2001
G,Saint Johns Health Center ,16.0914319952067,134283,8345,G0582 ,Saint Johns Health Center,2001
G,Salinas River Cogeneration Co ,13.4780263414196,3598040,266956,G0520 ,Salinas River Cogeneration,2001
G,Salk Institute ,10.3374885983582,102000,9867,G0521 ,Salk Institute - Retired July 2004,2001
G,San Antonio Community Hospital ,13.1832489023978,195178,14805,G0522 ,San Antonio Community Hospital,2001
G,San Diego Unified Port District (Dynergy) ,10.1779128374319,20110711,1975917,G0571 ,South Bay Power Plant - Retired December 2010,2001
G,San Diego Union-Tribune Publishing Company ,18.2632145741721,203507,11143,G0633 ,Union Tribune Publishing Co,2001
G,San Joaquin Cogen ,8.45673439789259,2285720,270284,G0529 ,San Joaquin Cogen,2001
G,San Jose State University ,13.6080515859184,468498,34428,G0087 ,San Jose Cogeneration,2001
G,Santa Maria Cogeneration Inc ,13.876743309461,184075,13265,G0056 ,Santa Maria Cogen Plant (Retired 12/31/2013 per CAISO),2001
G,Sargent Canyon Cogeneration Co ,13.0393112822836,3597220,275875,G0547 ,Sargent Canyon Cogeneration,2001
G,Sea World of California ,10.3874067259532,101620,9783,G0551 ,4160 V Cogeneration System,2001
G,Searles Valley Minerals ,5.84051242053214,793749,135904,G0396 ,Westend Facility,2001
G,Sharp Grossmont Hospital ,19.2001885606537,244380,12728,G0241 ,Grossmont Hospital,2001
G,Shell Oil Products US - Equilon Enterprises LLC - Martinez Refinery ,9.70869277076696,7002550,721266,G0755 ,Martinez Refinery,2001
G,Sierra Pacific Resources ,11.7079207920792,4730,404,G0294 ,Kings Beach - Retired December 2002,2001
G,Sierra Pacific Resources ,0,0,127,G0461 ,Portola - Retired December 2002,2001
G,Silicon Valley Power ,14.3579484744153,120937,8423,G0228 ,Gianera,2001
G,Silicon Valley Power ,15.5913948387699,1670540,107145,G0114 ,Santa Clara Cogen,2001
G,Solar Turbines Incorporated ,12.6227207244289,306669,24295,G0568 ,Patio Test Cell Solar Turbines Inc (see G0990 G0991),2001
G,Solar Turbines Incorporated ,,0,0,G0991 ,Solar Turbines Inc. - Harbor Drive Plant (Testing Only),2001
G,Solar Turbines Incorporated ,0,0,18.8600006103516,G0990 ,Solar Turbines Inc. - Kearny Mesa Plant (Testing Only),2001
G,Southern California Edison (SCE) ,12.2081531241373,132666,10867,G0523 ,Mountainview Power - Retired December 2005,2001
G,Southern California Edison (SCE) ,10.9399173864063,320463,29293,G0014 ,Pebbly Beach,2001
G,St Luke Medical Center ,0,0,2127,G0762 ,St Luke Medical Center,2001
G,Strategic Hotel Capital Inc ,,0,0,G0544 ,Santa Monica Loews Hotel Cogen - Retired February 2000,2001
G,Sunlaw Energy Partners I LP ,,0,0,G0588 ,Coldgen; Sunlaw (Federal Plant) - Retired September 2002,2001
G,Sunlaw Energy Partners I LP ,,0,0,G0754 ,Grogen Sunlaw (Growers),2001
G,Sunrise Power Company LLC ,10.4230709067419,3598190,345214,G0784 ,Sunrise Power,2001
G,Sycamore Cogeneration Co ,12.1557794602224,31419420,2584731,G0590 ,Sycamore Cogeneration Co,2001
G,Television City Cogen LP ,,0,0,G0756 ,Television City Cogen LP,2001
G,Tesoro LA Refinery - Carson Operations (formerly BP) ,0,0,25692,G0034 ,Tesoro LAR Carson (formerly ARCO),2001
G,Tesoro Refining and Marketing Company ,11.442169088205,6000960,524460,G0776 ,Los Angeles Refinery (Tesoro),2001
G,Tosco Corporation ,,0,0,G0642 ,Unocal Fred L Hartley Research Center,2001
G,Turlock Irrigation Distict ,8.28577672215834,2312900,279141,G0016 ,Almond Power Plant,2001
G,Turlock Irrigation Distict ,16.3049798948345,368998,22631,G0662 ,Walnut,2001
G,U S Trust Co of California ,8.60733207947932,1450740,168547,G0403 ,CI Power Cogeneration Plant (OLS Camarillo),2001
G,UC Santa Cruz ,11.6591549295775,41390,3550,G0541 ,UC Santa Cruz Cogeneration,2001
G,UCLA ,13.5648619570021,2824150,208196,G0763 ,UCLA Energy Systems Facility,2001
G,United Cogen Inc ,9.99704442874819,1995640,199623,G0636 ,United Cogen Inc (SFO) - Retired 3/31/2012,2001
G,University of California San Diego ,14.5745023696682,461283,31650,G0640 ,University of California San Diego Cogeneration Facility,2001
G,Vintage Petroleum Inc ,12.7644480410007,378568,29658,G0658 ,Centaur Generator Facility (Shut Down 8/1/08),2001
G,Watson Cogeneration Company (Tesoro Refining & Marketing) ,6.18163711015987,17690300,2861750,G0035 ,Watson Cogeneration Co,2001
G,Western Power and Steam ,8.91499843901102,1170780,131327,G0173 ,Western Power and Steam  Inc. (DAI Oildale),2001
G,Wheelabrator Technologies Inc ,10.5119146682805,2779140,264380,G0563 ,Wheelabrator Lassen (Retired 5/2013),2001
G,Wheelabrator Technologies Inc ,9.39133699066787,1425990,151841,G0673 ,Wheelabrator Norwalk Energy,2001
G,Yountville Cogeneration Associates ,13.6678235002479,27568,2017,G0653 ,Veterans Home of California,2001
H,Big Creek Water Works Ltd ,,0,0,H0037 ,Big Creek Water Works,2001
H,Calaveras County Water District ,0,0,7986,H0073 ,Hogan,2001
H,California Department of Water Resources ,0,0,71691,H0058 ,Alamo,2001
H,California Department of Water Resources ,0,0,801864,H0137 ,Devil Canyon,2001
H,California Department of Water Resources ,0,0,876702,H0164 ,Edward C Hyatt,2001
H,California Department of Water Resources ,0,0,50691,H0337 ,Mojave Siphon,2001
H,California Department of Water Resources ,0,0,124372,H0510 ,Thermalito (Unit 1 HY Unit 2-3-4 PS),2001
H,California Department of Water Resources ,0,0,20970,H0511 ,Thermalito Diversion Dam,2001
H,California Department of Water Resources ,0,0,147906,H0452 ,W R Gianelli,2001
H,California Department of Water Resources ,0,0,319712,H0567 ,William E. Warne,2001
H,Calleguas Municipal Water District ,0,0,7519,H0078 ,East Portal Generator,2001
H,Calleguas Municipal Water District ,0,0,1764,H0076 ,Springville Reservoir,2001
H,City of Escondido ,0,0,3366,H0021 ,Bear Valley,2001
H,City of Pasadena ,0,0,6722,H0014 ,Azusa,2001
H,City of Redding Electric Utility ,0,0,19305,H0564 ,Whiskeytown,2001
H,City of Ukiah ,,0,0,H0283 ,Lake Mendocino,2001
H,Desert Water Agency ,0,0,52,H0136 ,Whitewater Hydroelectric Plant,2001
H,East Bay Municipal Utility District (EBMUD) ,0,0,17827,H0080 ,Camanche,2001
H,East Bay Municipal Utility District (EBMUD) ,0,0,31242,H0380 ,Pardee,2001
H,El Dorado Hydro ,0,0,8528,H0168 ,Montgomery Creek Hydro,2001
H,El Dorado Irrigation District ,,0,0,H0167 ,El Dorado,2001
H,Friant Power Authority ,0,0,59595,H0198 ,Friant-Kern Hydro Facility (River Outlet  Madera Canal  F-K),2001
H,Humboldt Bay Municipal Water District ,0,0,3345,H0241 ,Gosselin Hydroelectric Plant,2001
H,Hydrodynamics ,0,0,13814,H0323 ,Bidwell Ditch,2001
H,Hydrodynamics ,0,0,8928,H0321 ,Hatchet Creek Project,2001
H,Hydrodynamics ,0,0,5337,H0322 ,Roaring Creek,2001
H,Hypower Inc ,0,0,31538,H0192 ,Forks of Butte Hydro Project,2001
H,Imperial Irrigation District ,,0,0,H0146 ,Double Weir,2001
H,Imperial Irrigation District ,0,0,11162,H0147 ,Drop 1,2001
H,Imperial Irrigation District ,0,0,56127,H0149 ,Drop 2,2001
H,Imperial Irrigation District ,0,0,45000,H0150 ,Drop 3,2001
H,Imperial Irrigation District ,0,0,111624,H0151 ,Drop 4,2001
H,Imperial Irrigation District ,0,0,22000,H0152 ,Drop 5,2001
H,Imperial Irrigation District ,0,0,6000,H0160 ,East Highline,2001
H,Imperial Irrigation District ,0,0,21414,H0385 ,Pilot Knob,2001
H,Imperial Irrigation District ,0,0,528,H0531 ,Turnip,2001
H,Isabella Partners ,0,0,6670,H0094 ,Isabella,2001
H,Kaweah River Power Authority ,0,0,28376,H0262 ,Terminus Hydroelectric Project,2001
H,Kings River Conservation District ,0,0,265736.109375,H0387 ,Pine Flat,2001
H,Los Angeles County Flood Control District ,0,0,8210,H0442 ,San Gabriel Hydroelectric Project,2001
H,Los Angeles Department of Water & Power (LADWP) ,0,0,12368,H0040 ,Big Pine,2001
H,Los Angeles Department of Water & Power (LADWP) ,-0,0,-37037,H0090 ,Castaic (Pumped Storage),2001
H,Los Angeles Department of Water & Power (LADWP) ,0,0,62506,H0110 ,Control Gorge,2001
H,Los Angeles Department of Water & Power (LADWP) ,0,0,7128,H0116 ,Cottonwood,2001
H,Los Angeles Department of Water & Power (LADWP) ,0,0,4484,H0142 ,Division Creek,2001
H,Los Angeles Department of Water & Power (LADWP) ,0,0,37350,H0189 ,Foothill,2001
H,Los Angeles Department of Water & Power (LADWP) ,0,0,9742,H0193 ,Franklin,2001
H,Los Angeles Department of Water & Power (LADWP) ,0,0,20971,H0216 ,Haiwee,2001
H,Los Angeles Department of Water & Power (LADWP) ,0,0,62992,H0328 ,Middle Gorge,2001
H,Los Angeles Department of Water & Power (LADWP) ,0,0,5689,H0394 ,Pleasant Valley,2001
H,Los Angeles Department of Water & Power (LADWP) ,0,0,33418,H0438 ,San Fernando,2001
H,Los Angeles Department of Water & Power (LADWP) ,0,0,204857,H0441 ,San Francisquito 1,2001
H,Los Angeles Department of Water & Power (LADWP) ,0,0,78014,H0440 ,San Francisquito 2,2001
H,Los Angeles Department of Water & Power (LADWP) ,0,0,3071,H0467 ,Sawtelle,2001
H,Los Angeles Department of Water & Power (LADWP) ,0,0,64007,H0536 ,Upper Gorge,2001
H,Lower Tule River & Pixley Irrigation District ,0,0,934,H0503 ,Success Power Project,2001
H,Madera-Chowchilla Water Power Authority ,,0,0,H0310 ,Madera Canal (Station 980  1174  1302  1923),2001
H,Malacha Hydro Ltd Partnership ,0,0,19087,H0311 ,Muck Valley Hydroelectric,2001
H,Merced Irrigation District ,0,0,1106,H0300 ,Canal Creek (RETA),2001
H,Merced Irrigation District ,0,0,253183,H0175 ,Exchequer,2001
H,Merced Irrigation District ,0,0,1345,H0301 ,Fairfield,2001
H,Merced Irrigation District ,0,0,27606,H0316 ,McSwain,2001
H,Merced Irrigation District ,0,0,6560,H0325 ,Merced ID (Parker),2001
H,Metropolitan Water District ,0,0,17022,H0114 ,Corona,2001
H,Metropolitan Water District ,0,0,9264,H0119 ,Coyote Creek,2001
H,Metropolitan Water District ,0,0,778,H0611 ,Diamond Valley Lake,2001
H,Metropolitan Water District ,0,0,60437,H0174 ,Etiwanda,2001
H,Metropolitan Water District ,0,0,29887,H0188 ,Foothill Feeder,2001
H,Metropolitan Water District ,0,0,2736,H0211 ,Greg Avenue,2001
H,Metropolitan Water District ,0,0,27675,H0282 ,Lake Mathews,2001
H,Metropolitan Water District ,0,0,26136,H0382 ,Perris,2001
H,Metropolitan Water District ,0,0,38784,H0408 ,Red Mountain,2001
H,Metropolitan Water District ,0,0,2292,H0412 ,Rio Hondo,2001
H,Metropolitan Water District ,0,0,33390,H0437 ,San Dimas Hydro Recovery Plant,2001
H,Metropolitan Water District ,0,0,29052,H0472 ,Sepulveda Canyon,2001
H,Metropolitan Water District ,0,0,17379,H0509 ,Temescal,2001
H,Metropolitan Water District ,0,0,5744,H0539 ,Valley View,2001
H,Metropolitan Water District ,0,0,3186,H0541 ,Venice,2001
H,Metropolitan Water District ,0,0,29359,H0577 ,Yorba Linda,2001
H,Modesto Irrigation District ,0,0,652,H0599 ,Stone Drop,2001
H,Monterey County Water Resources Agency ,0,0,15492,H0341 ,Nacimiento Hydro Project,2001
H,Nelson Creek Power Inc ,0,0,1172,H0349 ,Nelson Creek,2001
H,Nevada Irrigation District ,0,0,5301,H0351 ,Bowman,2001
H,Nevada Irrigation District ,0,0,87411,H0095 ,Chicago Park,2001
H,Nevada Irrigation District ,0,0,475,H0109 ,Combie North (550 kW),2001
H,Nevada Irrigation District ,0,0,1263,H0054 ,Combie South (3 @ 500kW = 1.5MW),2001
H,Nevada Irrigation District ,0,0,45157,H0157 ,Dutch Flat 2,2001
H,Nevada Irrigation District ,0,0,43400,H0424 ,Rollins,2001
H,Nevada Irrigation District ,0,0,3149,H0347 ,Scotts Flat (860kW Nameplate Capacity),2001
H,Norman Ross Burgess ,0,0,4552,H0512 ,Three Forks Water Power Project,2001
H,Northbrook Power Management LLC ,0,0,989,H0427 ,Kanaka,2001
H,Northbrook Power Management LLC ,0,0,5423,H0428 ,Kekawaka,2001
H,Northbrook Power Management LLC ,0,0,3609,H0226 ,Lower Haypress Hydroelectric,2001
H,Northbrook Power Management LLC ,0,0,3972,H0623 ,Middle Haypress Hydroelectric,2001
H,Northern California Power Agency ,0,0,274958,H0107 ,Collierville,2001
H,Northern California Power Agency ,0,0,10282,H0356 ,Spicer,2001
H,Olcese Water District ,0,0,27158,H0367 ,Rio Bravo Hydroelectric,2001
H,Pacific Gas & Electric (PG&E) ,0,0,3813,H0005 ,Alta,2001
H,Pacific Gas & Electric (PG&E) ,0,0,70468,H0019 ,Balch #1,2001
H,Pacific Gas & Electric (PG&E) ,0,0,297459,H0020 ,Balch #2,2001
H,Pacific Gas & Electric (PG&E) ,0,0,250167,H0023 ,Belden,2001
H,Pacific Gas & Electric (PG&E) ,0,0,101466,H0052 ,Bucks Creek,2001
H,Pacific Gas & Electric (PG&E) ,0,0,105889,H0057 ,Butt Valley,2001
H,Pacific Gas & Electric (PG&E) ,0,0,79109,H0087 ,Caribou #1,2001
H,Pacific Gas & Electric (PG&E) ,0,0,361715,H0088 ,Caribou #2,2001
H,Pacific Gas & Electric (PG&E) ,0,0,21139,H0092 ,Centerville,2001
H,Pacific Gas & Electric (PG&E) ,0,0,11636,H0096 ,Chili Bar,2001
H,Pacific Gas & Electric (PG&E) ,0,0,3648,H0104 ,Coal Canyon,2001
H,Pacific Gas & Electric (PG&E) ,0,0,45397,H0106 ,Coleman,2001
H,Pacific Gas & Electric (PG&E) ,0,0,8571,H0118 ,Cow Creek,2001
H,Pacific Gas & Electric (PG&E) ,0,0,2168,H0120 ,Crane Valley,2001
H,Pacific Gas & Electric (PG&E) ,0,0,223506,H0121 ,Cresta,2001
H,Pacific Gas & Electric (PG&E) ,0,0,89416,H0130 ,De Sabla,2001
H,Pacific Gas & Electric (PG&E) ,0,0,22957,H0133 ,Deer Creek,2001
H,Pacific Gas & Electric (PG&E) ,0,0,49430,H0154 ,Drum #1,2001
H,Pacific Gas & Electric (PG&E) ,0,0,176759,H0155 ,Drum #2,2001
H,Pacific Gas & Electric (PG&E) ,0,0,47419,H0156 ,Dutch Flat #1,2001
H,Pacific Gas & Electric (PG&E) ,0,0,299440,H0171 ,Electra,2001
H,Pacific Gas & Electric (PG&E) ,0,0,267267,H0215 ,Haas,2001
H,Pacific Gas & Electric (PG&E) ,0,0,49051,H0217 ,Halsey,2001
H,Pacific Gas & Electric (PG&E) ,0,0,7669,H0218 ,Hamilton Branch,2001
H,Pacific Gas & Electric (PG&E) ,0,0,41782,H0221 ,Hat Creek #1,2001
H,Pacific Gas & Electric (PG&E) ,0,0,56445,H0222 ,Hat Creek #2,2001
H,Pacific Gas & Electric (PG&E) ,-0,0,-479394,H0229 ,Helms (Pumped Storage),2001
H,Pacific Gas & Electric (PG&E) ,0,0,44127,H0244 ,Inskip,2001
H,Pacific Gas & Electric (PG&E) ,0,0,600808,H0250 ,James B Black,2001
H,Pacific Gas & Electric (PG&E) ,0,0,8465,H0265 ,Kerckhoff PH 1,2001
H,Pacific Gas & Electric (PG&E) ,0,0,318064,H0266 ,Kerckhoff PH 2,2001
H,Pacific Gas & Electric (PG&E) ,0,0,52787,H0267 ,Kern Canyon,2001
H,Pacific Gas & Electric (PG&E) ,0,0,13945,H0271 ,Kilarc,2001
H,Pacific Gas & Electric (PG&E) ,0,0,108366,H0272 ,Kings River,2001
H,Pacific Gas & Electric (PG&E) ,0,0,6689,H0287 ,Lime Saddle,2001
H,Pacific Gas & Electric (PG&E) ,0,0,11779,H0324 ,Merced Falls,2001
H,Pacific Gas & Electric (PG&E) ,0,0,23756,H0348 ,Narrows 1,2001
H,Pacific Gas & Electric (PG&E) ,0,0,21243,H0357 ,Newcastle,2001
H,Pacific Gas & Electric (PG&E) ,0,0,5612,H0364 ,Oak Flat,2001
H,Pacific Gas & Electric (PG&E) ,0,0,9565,H0383 ,Phoenix,2001
H,Pacific Gas & Electric (PG&E) ,0,0,299292,H0388 ,Pit #1,2001
H,Pacific Gas & Electric (PG&E) ,0,0,338469,H0389 ,Pit #3,2001
H,Pacific Gas & Electric (PG&E) ,0,0,459114,H0390 ,Pit #4,2001
H,Pacific Gas & Electric (PG&E) ,0,0,791074,H0391 ,Pit #5,2001
H,Pacific Gas & Electric (PG&E) ,0,0,322235,H0392 ,Pit #6,2001
H,Pacific Gas & Electric (PG&E) ,0,0,444063,H0393 ,Pit #7,2001
H,Pacific Gas & Electric (PG&E) ,0,0,382061,H0395 ,Poe,2001
H,Pacific Gas & Electric (PG&E) ,0,0,30221,H0401 ,Potter Valley,2001
H,Pacific Gas & Electric (PG&E) ,0,0,336212,H0417 ,Rock Creek,2001
H,Pacific Gas & Electric (PG&E) ,0,0,119128,H0431 ,Salt Springs,2001
H,Pacific Gas & Electric (PG&E) ,0,0,937,H0448 ,San Joaquin #1A,2001
H,Pacific Gas & Electric (PG&E) ,0,0,7215,H0449 ,San Joaquin #2,2001
H,Pacific Gas & Electric (PG&E) ,0,0,9992,H0450 ,San Joaquin #3,2001
H,Pacific Gas & Electric (PG&E) ,0,0,50221,H0486 ,South,2001
H,Pacific Gas & Electric (PG&E) ,0,0,17929,H0490 ,Spaulding #1,2001
H,Pacific Gas & Electric (PG&E) ,0,0,10736,H0491 ,Spaulding #2,2001
H,Pacific Gas & Electric (PG&E) ,0,0,13837,H0492 ,Spaulding #3,2001
H,Pacific Gas & Electric (PG&E) ,0,0,33845,H0495 ,Spring Gap,2001
H,Pacific Gas & Electric (PG&E) ,0,0,303331,H0498 ,Stanislaus,2001
H,Pacific Gas & Electric (PG&E) ,0,0,227652,H0516 ,Tiger Creek,2001
H,Pacific Gas & Electric (PG&E) ,0,0,4787,H0518 ,Toadtown,2001
H,Pacific Gas & Electric (PG&E) ,0,0,15791,H0523 ,Tule,2001
H,Pacific Gas & Electric (PG&E) ,0,0,40580,H0545 ,Volta #1,2001
H,Pacific Gas & Electric (PG&E) ,0,0,4990,H0546 ,Volta #2,2001
H,Pacific Gas & Electric (PG&E) ,0,0,65308,H0558 ,West Point,2001
H,Pacific Gas & Electric (PG&E) ,0,0,74414,H0569 ,Wise,2001
H,Pacific Gas & Electric (PG&E) ,0,0,47603,H0570 ,Wishon Powerhouse,2001
H,PacifiCorp ,0,0,85241,H0111 ,Copco 1,2001
H,PacifiCorp ,0,0,109113,H0112 ,Copco 2,2001
H,PacifiCorp ,0,0,9242,H0177 ,Fall Creek,2001
H,PacifiCorp ,0,0,112396,H0245 ,Iron Gate,2001
H,Placer County Water Agency ,0,0,29851,H0195 ,French Meadows,2001
H,Placer County Water Agency ,0,0,1909,H0228 ,Hell Hole,2001
H,Placer County Water Agency ,0,0,300980,H0275 ,Middle Fork,2001
H,Placer County Water Agency ,0,0,1970,H0374 ,Oxbow,2001
H,Placer County Water Agency ,0,0,231039,H0406 ,Ralston,2001
H,Sacramento Municipal Utility District (SMUD) ,0,0,77554,H0081 ,Camino,2001
H,Sacramento Municipal Utility District (SMUD) ,0,0,3591,H0083 ,Camp Far West,2001
H,Sacramento Municipal Utility District (SMUD) ,0,0,118497,H0253 ,Jaybird,2001
H,Sacramento Municipal Utility District (SMUD) ,0,0,4565,H0255 ,Jones Fork,2001
H,Sacramento Municipal Utility District (SMUD) ,0,0,16451,H0289 ,Loon Lake,2001
H,Sacramento Municipal Utility District (SMUD) ,0,0,12952,H0414 ,Robbs Peak,2001
H,Sacramento Municipal Utility District (SMUD) ,,0,0,H0482 ,Slab Creek,2001
H,Sacramento Municipal Utility District (SMUD) ,0,0,18992,H0532 ,Union Valley,2001
H,Sacramento Municipal Utility District (SMUD) ,0,0,167639,H0565 ,White Rock,2001
H,San Diego County Water Authority ,0,0,5971,H0006 ,Alvarado Hydro Facility,2001
H,San Gabriel Valley Municipal Water District ,,0,0,H0443 ,San Dimas Wash,2001
H,SF Public Utilities Commisson ,0,0,390916,H0141 ,Dion R Holm,2001
H,SF Public Utilities Commisson ,0,0,506987,H0274 ,Kirkwood (RPS Certified),2001
H,SF Public Utilities Commisson ,0,0,405075,H0601 ,Moccasin,2001
H,SF Public Utilities Commisson ,0,0,4932,H0336 ,Moccasin Low Head,2001
H,Sierra Pacific Resources ,,0,0,H0178 ,Farad (Non-operational since 1997),2001
H,Silicon Valley Power ,0,0,11478,H0046 ,Black Butte,2001
H,Silicon Valley Power ,0,0,14776,H0213 ,Grizzly,2001
H,Silicon Valley Power ,0,0,1629,H0235 ,Highline Canal,2001
H,Silicon Valley Power ,0,0,10072,H0500 ,Stony Gorge,2001
H,Siskiyou County ,0,0,14672,H0284 ,Box Canyon,2001
H,Sithe Energies Inc ,0,0,1371,H0422 ,Rock Creek L.P.,2001
H,Slate Creek Hydro Assoc LP ,0,0,9305,H0483 ,Slate Creek,2001
H,Snow Mountain Hydro LLC ,0,0,361,H0240 ,Burney Creek,2001
H,Snow Mountain Hydro LLC ,0,0,9919,H0236 ,Cove Hydroelectric,2001
H,Snow Mountain Hydro LLC ,0,0,7248,H0238 ,Lost Creek 1,2001
H,Snow Mountain Hydro LLC ,0,0,384,H0237 ,Ponderosa Bailey Creek,2001
H,Solano Irrigation District ,0,0,43585,H0343 ,Monticello,2001
H,Sonoma County Water Agency ,0,0,14017,H0485 ,Warm Springs,2001
H,South Feather Water and Power ,0,0,86859,H0191 ,Forbestown,2001
H,South Feather Water and Power ,0,0,60589,H0263 ,Kelly Ridge,2001
H,South Feather Water and Power ,0,0,17663,H0484 ,Sly Creek,2001
H,South Feather Water and Power ,0,0,149286,H0573 ,Woodleaf,2001
H,South San Joaquin Irr District ,0,0,14377,H0488 ,Frankenheimer,2001
H,South San Joaquin Irr District ,0,0,5748,H0489 ,Woodward,2001
H,Southern California Edison (SCE) ,0,0,254827,H0027 ,Big Creek 1,2001
H,Southern California Edison (SCE) ,0,0,226989,H0028 ,Big Creek 2,2001
H,Southern California Edison (SCE) ,0,0,280088,H0030 ,Big Creek 2A,2001
H,Southern California Edison (SCE) ,0,0,570803,H0032 ,Big Creek 3,2001
H,Southern California Edison (SCE) ,0,0,301216,H0034 ,Big Creek 4,2001
H,Southern California Edison (SCE) ,0,0,174296,H0036 ,Big Creek 8,2001
H,Southern California Edison (SCE) ,0,0,34398,H0041 ,Bishop Creek 2,2001
H,Southern California Edison (SCE) ,0,0,31270,H0042 ,Bishop Creek 3,2001
H,Southern California Edison (SCE) ,0,0,43527,H0043 ,Bishop Creek 4,2001
H,Southern California Edison (SCE) ,0,0,13293,H0044 ,Bishop Creek 5,2001
H,Southern California Edison (SCE) ,0,0,8830,H0045 ,Bishop Creek 6,2001
H,Southern California Edison (SCE) ,0,0,61101,H0048 ,Borel,2001
H,Southern California Edison (SCE) ,0,0,154165,H0161 ,Eastwood (Pumped Storage),2001
H,Southern California Edison (SCE) ,0,0,5465,H0187 ,Fontana,2001
H,Southern California Edison (SCE) ,0,0,10399,H0259 ,Kaweah 1,2001
H,Southern California Edison (SCE) ,0,0,9297,H0260 ,Kaweah 2,2001
H,Southern California Edison (SCE) ,0,0,20555,H0261 ,Kaweah 3,2001
H,Southern California Edison (SCE) ,0,0,167331,H0268 ,Kern River 1,2001
H,Southern California Edison (SCE) ,0,0,103615,H0269 ,Kern River 3,2001
H,Southern California Edison (SCE) ,0,0,7597,H0296 ,Lundy,2001
H,Southern California Edison (SCE) ,0,0,6071,H0298 ,Lytle Creek,2001
H,Southern California Edison (SCE) ,0,0,428952,H0313 ,Mammoth Pool,2001
H,Southern California Edison (SCE) ,0,0,3487,H0331 ,Mill Creek 1,2001
H,Southern California Edison (SCE) ,0,0,450,H0332 ,Mill Creek 2,2001
H,Southern California Edison (SCE) ,0,0,5394,H0333 ,Mill Creek 3,2001
H,Southern California Edison (SCE) ,0,0,2321,H0372 ,Ontario 1,2001
H,Southern California Edison (SCE) ,0,0,1717,H0373 ,Ontario 2,2001
H,Southern California Edison (SCE) ,0,0,23125,H0398 ,Poole,2001
H,Southern California Edison (SCE) ,0,0,37474,H0499 ,Portal,2001
H,Southern California Edison (SCE) ,0,0,36922,H0426 ,Rush Creek,2001
H,Southern California Edison (SCE) ,,0,0,H0466 ,San Gorgonio 2,2001
H,Southern California Edison (SCE) ,0,0,10464,H0460 ,Santa Ana 1,2001
H,Southern California Edison (SCE) ,,0,0,H0461 ,Santa Ana 2 (Non-operational),2001
H,Southern California Edison (SCE) ,0,0,5386,H0462 ,Santa Ana 3,2001
H,Southern California Edison (SCE) ,0,0,2504,H0479 ,Sierra,2001
H,Southern California Edison (SCE) ,0,0,11097,H0525 ,Tule River,2001
H,Synergics Energy Services LLC ,0,0,4727,H0371 ,Olsen,2001
H,TKO Power Inc ,0,0,1751,H0507 ,Bear Creek,2001
H,Tri-Dam Power Authority ,0,0,40000,H0519 ,Sand Bar,2001
H,Tri-Dam Project & Tri-Dam Power Authority ,0,0,29301,H0022 ,Beardsley,2001
H,Tri-Dam Project & Tri-Dam Power Authority ,0,0,215683,H0145 ,Donnells,2001
H,Tri-Dam Project & Tri-Dam Power Authority ,0,0,91820,H0527 ,Tulloch,2001
H,Turlock Irrigation Distict ,0,0,303198,H0144 ,Don Pedro,2001
H,Turlock Irrigation Distict ,0,0,4424,H0234 ,Hickman,2001
H,Turlock Irrigation Distict ,0,0,14656,H0276 ,La Grange,2001
H,Turlock Irrigation Distict ,0,0,8907,H0530 ,Turlock Lake,2001
H,Turlock Irrigation Distict ,0,0,10968,H0535 ,Upper Dawson,2001
H,United States Bureau of Reclamation ,0,0,304191,H0186 ,Folsom,2001
H,United States Bureau of Reclamation ,0,0,4811740,H0242 ,Hoover Dam (NV),2001
H,United States Bureau of Reclamation ,0,0,383568,H0257 ,Judge F Carr,2001
H,United States Bureau of Reclamation ,0,0,394789,H0270 ,Keswick,2001
H,United States Bureau of Reclamation ,0,0,1395,H0286 ,Lewiston,2001
H,United States Bureau of Reclamation ,0,0,385323,H0353 ,New Melones,2001
H,United States Bureau of Reclamation ,0,0,41698,H0360 ,Nimbus,2001
H,United States Bureau of Reclamation ,0,0,6226,H0363 ,O'Neill,2001
H,United States Bureau of Reclamation ,0,0,474072,H0381 ,Parker,2001
H,United States Bureau of Reclamation ,0,0,21667,H0471 ,Senator Wash,2001
H,United States Bureau of Reclamation ,0,0,1648574,H0475 ,Shasta,2001
H,United States Bureau of Reclamation ,0,0,452652,H0493 ,Spring Creek,2001
H,United States Bureau of Reclamation ,0,0,12040,H0497 ,Stampede,2001
H,United States Bureau of Reclamation ,0,0,379480,H0520 ,Trinity,2001
H,United Water Conservation District ,0,0,2858,H0533 ,Santa Felicia,2001
H,Utica Power Authority ,0,0,4188,H0008 ,Angels,2001
H,Utica Power Authority ,0,0,9270,H0346 ,Murphys,2001
H,Yolo County Flood Control & Water Conservation District ,,0,0,H0576 ,Clear Lake,2001
H,Yolo County Flood Control & Water Conservation District ,0,0,8605,H0243 ,Indian Valley Dam,2001
H,Yuba County Water Agency ,0,0,619469,H0352 ,Colgate,2001
H,Yuba County Water Agency ,,0,0,H0362 ,Deadwood Creek,2001
H,Yuba County Water Agency ,0,0,1438,H0053 ,Fish Power (NPCap = 0.15MW - No Reporting RQD),2001
H,Yuba County Water Agency ,0,0,106107,H0354 ,Narrows 2,2001
N,Pacific Gas & Electric (PG&E) ,3.41220802115469,61938400,18152000,N0001 ,Diablo Canyon,2001
N,Southern California Edison (SCE) ,11.2615133451593,170519808,15141820,N0002 ,San Onofre Nuclear Generating Station - SONGS,2001
S,Luz Solar Partners Ltd III ,12.4522901793911,1152970,92591,S0071 ,SEGS III,2001
S,Luz Solar Partners Ltd IV ,11.8959388607482,1070920,90024,S0072 ,SEGS IV,2001
S,Luz Solar Partners Ltd IX ,11.2213247736511,1929720,171969,S0073 ,SEGS IX,2001
S,Luz Solar Partners Ltd V ,12.3564084989719,1171820,94835,S0074 ,SEGS V,2001
S,Luz Solar Partners Ltd VI ,11.183228890312,977951,87448,S0075 ,SEGS VI,2001
S,Luz Solar Partners Ltd VII ,10.8640080231255,920779,84755,S0076 ,SEGS VII,2001
S,Luz Solar Partners Ltd VIII ,11.3800903710589,2032450,178597,S0077 ,SEGS VIII,2001
S,Sacramento Municipal Utility District (SMUD) ,0,0,2576,S0063 ,Rancho Seco Solar PV - (Shutdown 3/31/2013),2001
S,Sunray Energy Inc ,10.9278677575555,65447,5989,S0069 ,SEGS I,2001
S,Sunray Energy Inc ,15.9331636363636,438162,27500,S0070 ,SEGS II,2001
T,CE Turbo LLC ,0,0,58818,T0073 ,CE Turbo LLC,2001
T,Coso Operating Company LLC ,0,0,719882,T0009 ,Coso Energy Developers (BLM),2001
T,Coso Operating Company LLC ,0,0,759056,T0010 ,Coso Finance Partners (NAVY I),2001
T,Coso Operating Company LLC ,0,0,735305,T0011 ,Coso Power Developers (NAVY II),2001
T,Del Ranch L P ,0,0,328824,T0012 ,Del Ranch Company (formerly A W Hoch),2001
T,Elmore LP ,0,0,368156,T0015 ,J J Elmore,2001
T,Geysers Power Company LLC ,0,0,143407,T0023 ,Aidlin #1,2001
T,Geysers Power Company LLC ,0,0,148962,T0005 ,Bear Canyon #2 (Retired January 2016),2001
T,Geysers Power Company LLC ,0,0,510888,T0060 ,Big Geysers #13,2001
T,Geysers Power Company LLC ,0,0,536649,T0050 ,Calistoga #19,2001
T,Geysers Power Company LLC ,0,0,349281,T0059 ,Cobb Creek #12,2001
T,Geysers Power Company LLC ,0,0,501651,T0058 ,Eagle Rock #11,2001
T,Geysers Power Company LLC ,0,0,79956,T0057 ,Fumarole #9-#10,2001
T,Geysers Power Company LLC ,0,0,401576,T0030 ,Grant #20,2001
T,Geysers Power Company LLC ,0,0,418578,T0028 ,Lakeview #17,2001
T,Geysers Power Company LLC ,0,0,620403,T0055 ,McCabe #5-#6,2001
T,Geysers Power Company LLC ,0,0,562280,T0027 ,Quick Silver #16,2001
T,Geysers Power Company LLC ,0,0,498530,T0056 ,Ridge Line #7-#8,2001
T,Geysers Power Company LLC ,0,0,517447,T0029 ,Socrates #18,2001
T,Geysers Power Company LLC ,0,0,391090,T0046 ,Sonoma #3,2001
T,Geysers Power Company LLC ,0,0,474754,T0061 ,Sulphur Springs #14,2001
T,Geysers Power Company LLC ,0,0,226557,T0007 ,West Ford Flat #4,2001
T,Heber Geothermal Co ,0,0,319322,T0033 ,Heber Geothermal Co,2001
T,Heber Geothermal Co ,0,0,328132,T0051 ,Second Imperial Geothermal Co SIGC Plant,2001
T,Leathers LP ,0,0,366388,T0034 ,J M Leathers,2001
T,Mammoth Pacific LP ,0,0,49051,T0035 ,Mammoth Pacific I,2001
T,Mammoth Pacific LP ,0,0,79108,T0036 ,Mammoth Pacific II,2001
T,Mammoth Pacific LP ,0,0,102598,T0038 ,Ples I,2001
T,North Brawley Geothermal ,0,0,114621,T0043 ,Ormesa Geothermal II,2001
T,Northern California Power Agency ,0,0,411916,T0039 ,Geothermal 1,2001
T,Northern California Power Agency ,0,0,584500,T0040 ,Geothermal 2,2001
T,Ormat ,0,0,54630,T0066 ,Ormesa 1H,2001
T,Ormat Nevada Inc ,0,0,65187,T0021 ,GEM II,2001
T,Ormat Nevada Inc ,0,0,14613,T0022 ,GEM III,2001
T,Ormesa Geothermal ,0,0,115362,T0062 ,Ormesa I,2001
T,Prim and Associates ,,0,0,T0001 ,Amedee Geothermal Venture I,2001
T,Salton Sea 4 Fish Lake Pwr Gen ,0,0,311539,T0016 ,Salton Sea Unit 4,2001
T,Salton Sea Power Generatn LP 1 ,0,0,72745,T0047 ,Salton Sea Unit 1,2001
T,Salton Sea Power Generatn LP 2 ,0,0,116134,T0048 ,Salton Sea Unit 2,2001
T,Salton Sea Power Generatn LP 3 ,0,0,383211,T0049 ,Salton Sea Unit 3,2001
T,Salton Sea Power LLC ,0,0,329589,T0017 ,Salton Sea Unit 5,2001
T,Star Group 1E Geothermal Partn ,0,0,63040,T0063 ,Ormesa 1 E,2001
T,Terra-Gen Dixie Valley LLC ,0,0,459700,T0077 ,Terra-Gen Dixie Valley (NV),2001
T,Vulcan/BN Geothermal Power Co ,0,0,291075,T0053 ,Vulcan,2001
W,QFER placeholder for company name ,0,0,3242300,W9999 ,CAISO In-State Wind Generation,2001
